cluster_id,type,label
TNGA-K,structural,Toyota TNGA-K midsize platform (2018-2025)
TNGA-C,structural,Toyota TNGA-C compact platform (2019-2025)
TNGA-F,structural,Toyota TNGA-F body-on-frame platform (2022-2025)
TOYOTA-K-PRE,structural,Toyota K midsize platform pre-TNGA (2007-2019)
TOYOTA-MC,structural,Toyota New-MC platform (2013-2019)
TOYOTA-N280,structural,Toyota N280/N300 body-on-frame midsize (2010-2023)
TOYOTA-XK50,structural,Toyota XK50 full-size body-on-frame (2007-2022)
TOYOTA-86,structural,Toyota/Subaru rear-drive coupe platform (2013-2025)
HONDA-CGP,structural,Honda Compact Global Platform (2016-2025)
HONDA-LGP,structural,Honda Global Light Truck platform (2014-2025)
HONDA-ACC9,structural,Honda Accord 9th-generation platform (2013-2017)
GM-GMT900,structural,GM GMT900 full-size truck/SUV (2007-2014)
GM-K2XX,structural,GM K2XX full-size truck/SUV (2014-2020)
GM-T1XX,structural,GM T1XX full-size truck/SUV (2019-2025)
GM-C1XX,structural,GM C1XX midsize crossover (2017-2025)
GM-D2XX,structural,GM D2XX compact platform (2016-2022)
GM-E2XX,structural,GM E2XX midsize platform (2013-2024)
GM-ALPHA,structural,GM Alpha rear-drive platform (2013-2025)
GM-31XX,structural,GM GMT31XX midsize pickup (2015-2025)
FORD-P415,structural,Ford P415 F-150 steel-body (2009-2014)
FORD-P552,structural,Ford P552/P702 F-150 aluminum-body (2015-2025)
FORD-CD4,structural,Ford CD4 midsize unibody (2013-2024)
FORD-C2,structural,Ford C2 compact unibody (2019-2025)
FORD-CD6,structural,Ford CD6 rear-drive unibody (2020-2025)
FORD-S550,structural,Ford S550/S650 Mustang (2015-2025)
FORD-T3,structural,Ford T3/U725 Expedition/Navigator (2018-2025)
FORD-T6,structural,Ford T6 Ranger/Bronco body-on-frame (2019-2025)
FCA-WK2,structural,FCA WK2 Grand Cherokee/Durango (2011-2021)
FCA-WL,structural,Stellantis WL Grand Cherokee (2021-2025)
FCA-LX,structural,Chrysler LX/LD rear-drive large car (2011-2023)
FCA-DS,structural,Ram DS 1500 (2009-2018)
FCA-DT,structural,Ram DT 1500 (2019-2025)
FCA-JK,structural,Jeep JK Wrangler (2007-2018)
FCA-JL,structural,Jeep JL Wrangler / JT Gladiator (2018-2025)
FCA-CUSW,structural,FCA Compact US Wide platform (2013-2023)
FCA-RU,structural,Chrysler RU minivan platform (2017-2025)
NISSAN-D,structural,Nissan D midsize front-drive platform (2013-2025)
NISSAN-CMF-CD,structural,Nissan CMF-CD compact crossover platform (2014-2025)
NISSAN-FALPHA,structural,Nissan F-Alpha body-on-frame (2004-2025)
NISSAN-FM,structural,Nissan FM rear-drive platform (2003-2020)
SGP,structural,Subaru Global Platform (2017-2025)
SUBARU-IMP3,structural,Subaru Impreza-based platform (2008-2019)
VW-MQB,structural,VW Group MQB transverse platform (2013-2025)
VW-MLB-EVO,structural,VW Group MLB Evo longitudinal platform (2015-2025)
HMG-MIDSIZE,structural,Hyundai/Kia midsize front-drive platform (2015-2025)
HMG-COMPACT,structural,Hyundai/Kia compact front-drive platform (2017-2025)
HMG-LARGE-CUV,structural,Hyundai/Kia large crossover platform (2019-2025)
MAZDA-SKY-S,structural,Mazda Skyactiv small platform (2013-2025)
MAZDA-SKY-L,structural,Mazda Skyactiv large platform (2016-2025)
BMW-F1X,structural,BMW F10/F25/F30 generation (2011-2018)
BMW-CLAR,structural,BMW CLAR rear-drive platform (2016-2025)
BMW-UKL2,structural,BMW UKL2 front-drive platform (2014-2025)
BMW-G29,structural,BMW G29 Z4 / Toyota A90 Supra (2019-2025)
MB-MRA,structural,Mercedes MRA rear-drive platform (2014-2025)
MB-MFA,structural,Mercedes MFA front-drive platform (2014-2025)
VOLVO-SPA,structural,Volvo SPA platform (2015-2025)
VOLVO-CMA,structural,Volvo CMA platform (2018-2025)
2GR-FE,engine_family,Toyota 2GR-FE 3.5L V6 port injection (2005-2016)
2GR-FKS,engine_family,Toyota 2GR-FKS 3.5L V6 D-4S (2016-2024)
2AR-FE,engine_family,Toyota 2AR-FE 2.5L I4 (2009-2018)
A25A-FKS,engine_family,Toyota A25A-FKS 2.5L I4 Dynamic Force (2018-2025)
M20A-FKS,engine_family,Toyota M20A-FKS 2.0L I4 Dynamic Force (2019-2025)
2ZR-FE,engine_family,Toyota 2ZR-FE/FAE 1.8L I4 (2009-2019)
1GR-FE,engine_family,Toyota 1GR-FE 4.0L V6 (2003-2024)
3UR-FE,engine_family,Toyota 3UR-FE 5.7L V8 (2007-2022)
1UR-FE,engine_family,Toyota 1UR-FE 4.6L V8 (2010-2023)
V35A-FTS,engine_family,Toyota V35A-FTS 3.4L twin-turbo V6 (2022-2025)
8AR-FTS,engine_family,Toyota 8AR-FTS 2.0L turbo I4 (2015-2021)
J35Y,engine_family,Honda J35Y 3.5L V6 Earth Dreams (2014-2025)
J35Z,engine_family,Honda J35Z 3.5L V6 (2008-2017)
K24W,engine_family,Honda K24W/K24V 2.4L I4 Earth Dreams (2013-2020)
K24Z,engine_family,Honda K24Z 2.4L I4 (2008-2015)
L15B7,engine_family,Honda L15B7 1.5L turbo I4 (2016-2025)
K20C,engine_family,Honda K20C 2.0L turbo I4 (2016-2025)
R18,engine_family,Honda R18 1.8L I4 (2006-2022)
LS-GEN4,engine_family,GM Gen IV small-block V8 — LS 4.8/5.3/6.0/6.2 (1999-2014)
LT-GEN5,engine_family,GM Gen V small-block V8 — EcoTec3/LT 5.3/6.2 (2014-2025)
HFV6-36,engine_family,GM High Feature 3.6L V6 — LLT/LFX/LGX (2007-2024)
ECOTEC-24,engine_family,GM Ecotec 2.4L I4 — LAF/LEA/LUK (2010-2017)
LTG-20T,engine_family,GM Ecotec 2.0L turbo I4 — LTG/LSY (2013-2024)
LFV-15T,engine_family,GM Ecotec 1.5L turbo I4 — LFV/L3A (2016-2024)
DMAX-66,engine_family,GM Duramax 6.6L V8 turbodiesel (2001-2025)
COYOTE-50,engine_family,Ford Coyote 5.0L V8 (2011-2025)
MOD-46,engine_family,Ford Modular 4.6/5.4L V8 — 2V/3V (1997-2014)
CYCLONE-35,engine_family,Ford Cyclone 3.5/3.7L naturally aspirated V6 (2007-2019)
EB-35,engine_family,Ford 3.5L EcoBoost twin-turbo V6 (2010-2025)
EB-27,engine_family,Ford 2.7L EcoBoost twin-turbo V6 (2015-2025)
EB-23,engine_family,Ford 2.3L EcoBoost I4 (2015-2025)
EB-20,engine_family,Ford 2.0L EcoBoost I4 (2012-2025)
EB-15,engine_family,Ford 1.5L EcoBoost I3/I4 (2014-2025)
DURATEC-25,engine_family,Ford Duratec 2.5L I4 (2009-2019)
PSD-67,engine_family,Ford 6.7L Power Stroke V8 turbodiesel (2011-2025)
GODZILLA-73,engine_family,Ford 7.3L Godzilla V8 (2020-2025)
PENTASTAR-36,engine_family,Stellantis Pentastar 3.6L V6 (2011-2025)
HEMI-57,engine_family,Chrysler 5.7L HEMI V8 (2003-2024)
HEMI-64,engine_family,Chrysler 6.4L HEMI V8 (2011-2024)
TIGERSHARK-24,engine_family,Chrysler Tigershark 2.4L I4 MultiAir2 (2013-2023)
GME-T4,engine_family,Stellantis GME-T4 2.0L turbo I4 (2018-2025)
ECODIESEL-30,engine_family,Stellantis 3.0L EcoDiesel V6 (2014-2023)
CUMMINS-67,engine_family,Cummins 6.7L I6 turbodiesel (2007-2025)
VQ35DE,engine_family,Nissan VQ35DE 3.5L V6 (2002-2020)
VQ35DD,engine_family,Nissan VQ35DD 3.5L V6 direct injection (2016-2025)
VQ37VHR,engine_family,Nissan VQ37VHR 3.7L V6 (2008-2020)
VQ40DE,engine_family,Nissan VQ40DE 4.0L V6 (2005-2019)
QR25DE,engine_family,Nissan QR25DE 2.5L I4 (2002-2020)
PR25DD,engine_family,Nissan PR25DD 2.5L I4 (2019-2025)
MRA8DE,engine_family,Nissan MRA8DE 1.8L I4 (2013-2019)
VR30DDTT,engine_family,Infiniti VR30DDTT 3.0L twin-turbo V6 (2016-2022)
VK56,engine_family,Nissan VK56DE/VK56VD 5.6L V8 (2004-2025)
FB25,engine_family,Subaru FB25 2.5L naturally aspirated H4 (2011-2025)
FB20,engine_family,Subaru FB20 2.0L naturally aspirated H4 (2012-2025)
FA20D,engine_family,Subaru FA20D 2.0L naturally aspirated H4 (2013-2020)
FA24D,engine_family,Subaru FA24D 2.4L naturally aspirated H4 (2022-2025)
FA20F,engine_family,Subaru FA20DIT 2.0L turbo H4 (2015-2021)
FA24F,engine_family,Subaru FA24F 2.4L turbo H4 (2019-2025)
EJ25T,engine_family,Subaru EJ255/EJ257 2.5L turbo H4 (2004-2021)
EJ25,engine_family,Subaru EJ253 2.5L naturally aspirated H4 (1999-2012)
EA888-G2,engine_family,VW/Audi EA888 Gen 2 2.0L TSI (2008-2014)
EA888-G3,engine_family,VW/Audi EA888 Gen 3 2.0L TSI (2013-2025)
EA211-14T,engine_family,VW EA211 1.4L TSI (2015-2022)
EA839-30T,engine_family,Audi EA839 3.0L TFSI V6 (2017-2025)
VR6-36,engine_family,VW VR6 3.6L FSI (2008-2023)
EA288-20D,engine_family,VW EA288 2.0L TDI (2015-2016)
THETA2-24,engine_family,Hyundai/Kia Theta II 2.4L GDI (2011-2021)
THETA2-20T,engine_family,Hyundai/Kia Theta II 2.0L turbo GDI (2011-2021)
LAMBDA2-33,engine_family,Hyundai/Kia Lambda II 3.3L V6 (2011-2025)
LAMBDA2-38,engine_family,Hyundai/Kia Lambda II 3.8L V6 (2011-2022)
SMARTSTREAM-25,engine_family,Hyundai/Kia Smartstream G2.5 I4 (2020-2025)
GAMMA-16T,engine_family,Hyundai/Kia Gamma 1.6L turbo GDI (2012-2025)
NU-20,engine_family,Hyundai/Kia Nu 2.0L I4 (2011-2022)
SKY-G20,engine_family,Mazda Skyactiv-G 2.0L I4 (2012-2025)
SKY-G25,engine_family,Mazda Skyactiv-G 2.5L I4 (2013-2025)
SKY-G25T,engine_family,Mazda Skyactiv-G 2.5L turbo I4 (2016-2025)
N20,engine_family,BMW N20/N26 2.0L turbo I4 (2011-2017)
N54,engine_family,BMW N54 3.0L twin-turbo I6 (2007-2013)
N55,engine_family,BMW N55 3.0L turbo I6 (2010-2016)
B58,engine_family,BMW B58 3.0L turbo I6 (2016-2025)
B48,engine_family,BMW B46/B48 2.0L turbo I4 (2016-2025)
N63,engine_family,BMW N63/S63 4.4L twin-turbo V8 (2009-2025)
M54,engine_family,BMW M54 3.0L naturally aspirated I6 (2001-2006)
M276,engine_family,Mercedes M276 3.5L V6 (2011-2020)
M274,engine_family,Mercedes M270/M274 2.0L turbo I4 (2013-2021)
M256,engine_family,Mercedes M256 3.0L turbo I6 (2019-2025)
M278,engine_family,Mercedes M278 4.7L twin-turbo V8 (2011-2020)
OM642,engine_family,Mercedes OM642 3.0L V6 turbodiesel (2007-2016)
VEA-B420,engine_family,Volvo VEA B4204T 2.0L I4 (2015-2025)
