make,model,styles,wheelbase,construction,drive,year_start,year_end,platform,engines,remarks
Toyota,4Runner,SUV,109.8,f,"r,4",2013,2024,TOYOTA-N280,1GR-FE:4.0 V6 — sole US engine,N280 body-on-frame
Toyota,Avalon,4d,111.0,u,f,2013,2018,TOYOTA-K-PRE,2GR-FE:3.5 V6,
Toyota,Avalon,4d,113.0,u,f,2019,2022,TNGA-K,2GR-FKS:3.5 V6 — hybrid uses A25A,
Toyota,Camry,4d,109.3,u,f,2013,2017,TOYOTA-K-PRE,2AR-FE:2.5 4-cyl;2GR-FE:3.5 V6 SE/XLE V6,
Toyota,Camry,4d,111.2,u,f,2018,2024,TNGA-K,A25A-FKS:2.5 4-cyl;2GR-FKS:3.5 V6 XSE/XLE V6,
Toyota,Camry,4d,111.2,u,"f,4",2025,2025,TNGA-K,A25A-FKS:2.5 hybrid only from 2025,
Toyota,C-HR,SUV,103.9,u,f,2018,2022,TNGA-C,,
Toyota,Corolla,4d,106.3,u,f,2014,2019,TOYOTA-MC,2ZR-FE:1.8 4-cyl,
Toyota,Corolla,4d,106.3,u,f,2020,2025,TNGA-C,M20A-FKS:2.0 SE/XSE;2ZR-FE:1.8 L/LE,
Toyota,Corolla Hatchback,5d,103.9,u,f,2019,2025,TNGA-C,M20A-FKS:2.0 — sole engine,
Toyota,Corolla Cross,SUV,103.9,u,"f,4",2022,2025,TNGA-C,M20A-FKS:2.0 — sole gas engine,
Toyota,GR86,2d,101.4,u,r,2022,2025,TOYOTA-86,FA24D:2.4 H4 — shared with BRZ,
Toyota,Grand Highlander,SUV,116.1,u,"f,4",2024,2025,TNGA-K,,2.4T and hybrid only
Toyota,Highlander,SUV,109.8,u,"f,4",2014,2019,TOYOTA-K-PRE,2GR-FE:3.5 V6;2AR-FE:2.5 4-cyl 2018-2019,
Toyota,Highlander,SUV,112.2,u,"f,4",2020,2025,TNGA-K,2GR-FKS:3.5 V6 2020-2022 only,2.4T from 2023
Toyota,Land Cruiser,SUV,112.2,f,4,2013,2021,TOYOTA-XK50,3UR-FE:5.7 V8,
Toyota,Land Cruiser,SUV,112.2,f,4,2024,2025,TNGA-F,,2.4T hybrid
Toyota,Prius,5d,106.3,u,"f,4",2016,2022,TNGA-C,,hybrid 2ZR-FXE
Toyota,Prius,5d,108.3,u,"f,4",2023,2025,TNGA-C,,hybrid M20A-FXS
Toyota,RAV4,SUV,104.7,u,"f,4",2013,2018,TOYOTA-MC,2AR-FE:2.5 4-cyl,
Toyota,RAV4,SUV,105.9,u,"f,4",2019,2025,TNGA-K,A25A-FKS:2.5 4-cyl,
Toyota,Sequoia,SUV,122.0,f,"r,4",2013,2022,TOYOTA-XK50,3UR-FE:5.7 V8,
Toyota,Sequoia,SUV,122.0,f,"r,4",2023,2025,TNGA-F,V35A-FTS:3.4 twin-turbo V6 hybrid,
Toyota,Sienna,Van,119.3,u,"f,4",2013,2020,TOYOTA-K-PRE,2GR-FE:3.5 V6,
Toyota,Sienna,Van,120.5,u,"f,4",2021,2025,TNGA-K,A25A-FKS:2.5 hybrid only,
Toyota,Tacoma,Pickup,127.4,f,"r,4",2016,2023,TOYOTA-N280,2GR-FKS:3.5 V6 — 2.7 4-cyl excluded,
Toyota,Tacoma,Pickup,131.9,f,"r,4",2024,2025,TNGA-F,,2.4T only
Toyota,Tundra,Pickup,145.7,f,"r,4",2014,2021,TOYOTA-XK50,3UR-FE:5.7 V8;1GR-FE:4.0 V6 2014-2015 only,
Toyota,Tundra,Pickup,145.7,f,"r,4",2022,2025,TNGA-F,V35A-FTS:3.4 twin-turbo V6,
Toyota,Venza,SUV,105.9,u,4,2021,2024,TNGA-K,A25A-FKS:2.5 hybrid,
Toyota,Supra,2d,97.2,u,r,2020,2025,BMW-G29,B58:3.0 I6;B48:2.0 I4 2021-2025,BMW G29 co-development
Toyota,86,2d,101.2,u,r,2017,2020,TOYOTA-86,FA20D:2.0 H4 — shared with BRZ,
Scion,FR-S,2d,101.2,u,r,2013,2016,TOYOTA-86,FA20D:2.0 H4 — shared with BRZ,
Lexus,ES,4d,111.0,u,f,2013,2018,TOYOTA-K-PRE,2GR-FE:ES 350 3.5 V6,
Lexus,ES,4d,113.0,u,f,2019,2025,TNGA-K,2GR-FKS:ES 350 3.5 V6;A25A-FKS:ES 250 2.5,
Lexus,RX,SUV,107.9,u,"f,4",2013,2015,TOYOTA-K-PRE,2GR-FE:RX 350 3.5 V6,
Lexus,RX,SUV,109.8,u,"f,4",2016,2022,TOYOTA-K-PRE,2GR-FKS:RX 350 3.5 V6,
Lexus,RX,SUV,112.2,u,"f,4",2023,2025,TNGA-K,,2.4T and hybrid only
Lexus,NX,SUV,104.7,u,"f,4",2015,2021,TOYOTA-MC,8AR-FTS:NX 200t/NX 300 2.0 turbo,
Lexus,NX,SUV,105.9,u,"f,4",2022,2025,TNGA-K,A25A-FKS:NX 250 2.5,
Lexus,GX,SUV,109.8,f,4,2010,2023,TOYOTA-N280,1UR-FE:4.6 V8,
Lexus,GX,SUV,112.2,f,4,2024,2025,TNGA-F,V35A-FTS:3.4 twin-turbo V6,
Lexus,LX,SUV,112.2,f,4,2013,2021,TOYOTA-XK50,3UR-FE:5.7 V8,
Lexus,LX,SUV,112.2,f,4,2022,2025,TNGA-F,V35A-FTS:3.4 twin-turbo V6,
Lexus,IS,4d,110.2,u,"r,4",2014,2025,,2GR-FKS:IS 350 3.5 V6;8AR-FTS:IS 200t/IS 300 2.0 turbo,
Lexus,GS,4d,112.2,u,"r,4",2013,2020,,2GR-FKS:GS 350 3.5 V6;8AR-FTS:GS 200t/GS 300 2.0 turbo,
Lexus,UX,SUV,103.9,u,"f,4",2019,2025,TNGA-C,M20A-FKS:UX 200 2.0,
Honda,Accord,4d,109.3,u,f,2013,2017,HONDA-ACC9,K24W:2.4 4-cyl;J35Y:3.5 V6,
Honda,Accord,4d,111.4,u,f,2018,2022,HONDA-CGP,L15B7:1.5 turbo base;K20C:2.0 turbo Sport/Touring,
Honda,Accord,4d,111.4,u,f,2023,2025,HONDA-CGP,L15B7:1.5 turbo LX/EX,
Honda,Civic,4d,106.3,u,f,2016,2021,HONDA-CGP,L15B7:1.5 turbo EX/Touring;K20C:2.0 turbo Type R,
Honda,Civic,5d,106.3,u,f,2017,2021,HONDA-CGP,L15B7:1.5 turbo — sole engine,
Honda,Civic,4d,107.7,u,f,2022,2025,HONDA-CGP,L15B7:1.5 turbo EX/Touring;K20C:2.0 turbo Type R,
Honda,Civic,4d,106.3,u,f,2013,2015,,R18:1.8 LX/EX;K24Z:2.4 Si,
Honda,CR-V,SUV,103.1,u,"f,4",2013,2014,,K24Z:2.4 4-cyl,
Honda,CR-V,SUV,103.1,u,"f,4",2015,2016,,K24W:2.4 Earth Dreams 4-cyl,
Honda,CR-V,SUV,104.7,u,"f,4",2017,2022,HONDA-CGP,L15B7:1.5 turbo;K24W:2.4 LX 2017-2019,
Honda,CR-V,SUV,106.3,u,"f,4",2023,2025,HONDA-CGP,L15B7:1.5 turbo,
Honda,Pilot,SUV,111.0,u,"f,4",2016,2022,HONDA-LGP,J35Y:3.5 V6,
Honda,Pilot,SUV,113.8,u,"f,4",2023,2025,HONDA-LGP,J35Y:3.5 V6,
Honda,Odyssey,Van,118.1,u,f,2011,2017,,J35Z:3.5 V6,
Honda,Odyssey,Van,118.1,u,f,2018,2025,HONDA-LGP,J35Y:3.5 V6,
Honda,Ridgeline,Pickup,125.2,u,"f,4",2017,2025,HONDA-LGP,J35Y:3.5 V6,
Honda,Passport,SUV,110.9,u,"f,4",2019,2025,HONDA-LGP,J35Y:3.5 V6,
Honda,HR-V,SUV,102.8,u,"f,4",2016,2022,,R18:1.8 4-cyl,
Honda,HR-V,SUV,104.5,u,"f,4",2023,2025,HONDA-CGP,,2.0 naturally aspirated
Honda,Fit,5d,99.6,u,f,2015,2020,,,1.5 L15B naturally aspirated
Acura,MDX,SUV,111.0,u,"f,4",2014,2020,HONDA-LGP,J35Y:3.5 V6,
Acura,MDX,SUV,113.8,u,"f,4",2022,2025,HONDA-LGP,J35Y:3.5 V6,
Acura,RDX,SUV,105.7,u,"f,4",2013,2018,,J35Y:3.5 V6,
Acura,RDX,SUV,108.3,u,"f,4",2019,2025,HONDA-CGP,K20C:2.0 turbo,
Acura,TLX,4d,109.3,u,"f,4",2015,2020,HONDA-ACC9,K24W:2.4 4-cyl;J35Y:3.5 V6,
Acura,TLX,4d,113.0,u,"f,4",2021,2025,HONDA-CGP,K20C:2.0 turbo,
Acura,ILX,4d,105.1,u,f,2013,2022,,R18:1.5/2.0 base;K24W:2.4 A-Spec,
Acura,Integra,5d,107.7,u,f,2023,2025,HONDA-CGP,L15B7:1.5 turbo;K20C:2.0 turbo Type S,
Chevrolet,Silverado 1500,Pickup,143.5,f,"r,4",2014,2018,GM-K2XX,LT-GEN5:5.3 L83 / 6.2 L86 — 4.3 V6 excluded,
Chevrolet,Silverado 1500,Pickup,147.4,f,"r,4",2019,2025,GM-T1XX,LT-GEN5:5.3 L84 / 6.2 L87 — 4.3 V6 and 3.0 diesel excluded,
Chevrolet,Silverado 2500HD,Pickup,158.9,f,"r,4",2015,2019,GM-K2XX,LS-GEN4:6.0 L96 gas V8;DMAX-66:6.6 Duramax diesel,
Chevrolet,Silverado 2500HD,Pickup,158.9,f,"r,4",2020,2025,GM-T1XX,DMAX-66:6.6 Duramax diesel,6.6 L8T gas is separate family
Chevrolet,Tahoe,SUV,116.0,f,"r,4",2015,2020,GM-K2XX,LT-GEN5:5.3 L83,
Chevrolet,Tahoe,SUV,120.9,f,"r,4",2021,2025,GM-T1XX,LT-GEN5:5.3 L84 / 6.2 L87,
Chevrolet,Suburban,SUV,130.0,f,"r,4",2015,2020,GM-K2XX,LT-GEN5:5.3 L83,
Chevrolet,Suburban,SUV,134.1,f,"r,4",2021,2025,GM-T1XX,LT-GEN5:5.3 L84 / 6.2 L87,
GMC,Sierra 1500,Pickup,143.5,f,"r,4",2014,2018,GM-K2XX,LT-GEN5:5.3 L83 / 6.2 L86 — 4.3 V6 excluded,
GMC,Sierra 1500,Pickup,147.4,f,"r,4",2019,2025,GM-T1XX,LT-GEN5:5.3 L84 / 6.2 L87 — 4.3 V6 and 3.0 diesel excluded,
GMC,Sierra 2500HD,Pickup,158.9,f,"r,4",2015,2019,GM-K2XX,LS-GEN4:6.0 L96 gas V8;DMAX-66:6.6 Duramax diesel,
GMC,Yukon,SUV,116.0,f,"r,4",2015,2020,GM-K2XX,LT-GEN5:5.3 L83 / 6.2 L86,
GMC,Yukon,SUV,120.9,f,"r,4",2021,2025,GM-T1XX,LT-GEN5:5.3 L84 / 6.2 L87,
GMC,Yukon XL,SUV,130.0,f,"r,4",2015,2020,GM-K2XX,LT-GEN5:5.3 L83 / 6.2 L86,
GMC,Yukon XL,SUV,134.1,f,"r,4",2021,2025,GM-T1XX,LT-GEN5:5.3 L84 / 6.2 L87,
Cadillac,Escalade,SUV,116.0,f,"r,4",2015,2020,GM-K2XX,LT-GEN5:6.2 L86,
Cadillac,Escalade,SUV,120.9,f,"r,4",2021,2025,GM-T1XX,LT-GEN5:6.2 L87,
Cadillac,Escalade ESV,SUV,130.0,f,"r,4",2015,2020,GM-K2XX,LT-GEN5:6.2 L86,
Chevrolet,Colorado,Pickup,128.3,f,"r,4",2015,2022,GM-31XX,HFV6-36:3.6 LGZ V6,2.5 LCV 4-cyl is separate family
GMC,Canyon,Pickup,128.3,f,"r,4",2015,2022,GM-31XX,HFV6-36:3.6 LGZ V6,
Chevrolet,Colorado,Pickup,131.4,f,"r,4",2023,2025,GM-31XX,,2.7 L3B turbo only
GMC,Canyon,Pickup,131.4,f,"r,4",2023,2025,GM-31XX,,2.7 L3B turbo only
Chevrolet,Traverse,SUV,118.9,u,"f,4",2013,2017,,HFV6-36:3.6 LFX V6,
Chevrolet,Traverse,SUV,120.9,u,"f,4",2018,2023,GM-C1XX,HFV6-36:3.6 LFY V6,
GMC,Acadia,SUV,112.5,u,"f,4",2017,2023,GM-C1XX,HFV6-36:3.6 LGX V6;LTG-20T:2.0 turbo 2018-2019,
Buick,Enclave,SUV,120.9,u,"f,4",2018,2024,GM-C1XX,HFV6-36:3.6 LFY V6,
Cadillac,XT5,SUV,112.5,u,"f,4",2017,2025,GM-C1XX,HFV6-36:3.6 LGX V6;LTG-20T:2.0 turbo LSY 2020-2025,
Cadillac,XT6,SUV,112.7,u,"f,4",2020,2025,GM-C1XX,HFV6-36:3.6 LGX V6,
Chevrolet,Blazer,SUV,112.7,u,"f,4",2019,2025,GM-C1XX,HFV6-36:3.6 LGX V6,
Chevrolet,Equinox,SUV,112.5,u,"f,4",2013,2017,,ECOTEC-24:2.4 LEA 4-cyl;HFV6-36:3.6 LFX V6,
GMC,Terrain,SUV,112.5,u,"f,4",2013,2017,,ECOTEC-24:2.4 LEA 4-cyl;HFV6-36:3.6 LFX V6,
Chevrolet,Equinox,SUV,107.3,u,"f,4",2018,2024,GM-D2XX,LTG-20T:2.0 turbo LTG 2018-2019;LFV-15T:1.5 turbo LFV,
GMC,Terrain,SUV,107.3,u,"f,4",2018,2024,GM-D2XX,LTG-20T:2.0 turbo LTG 2018-2019;LFV-15T:1.5 turbo LFV,
Chevrolet,Cruze,4d,106.3,u,f,2016,2019,GM-D2XX,,1.4 LE2 turbo — separate family
Chevrolet,Malibu,4d,107.8,u,f,2013,2015,GM-E2XX,LTG-20T:2.0 turbo LTG 2013-2015,
Chevrolet,Malibu,4d,111.4,u,f,2016,2024,GM-E2XX,LFV-15T:1.5 turbo LFV;LTG-20T:2.0 turbo LTG 2016-2020,
Buick,LaCrosse,4d,111.7,u,"f,4",2013,2016,GM-E2XX,HFV6-36:3.6 LFX V6;ECOTEC-24:2.4 LAF 4-cyl,
Buick,Regal,4d,107.8,u,"f,4",2013,2017,GM-E2XX,LTG-20T:2.0 turbo LTG,
Chevrolet,Impala,4d,111.7,u,f,2014,2020,GM-E2XX,HFV6-36:3.6 LFX/LGX V6,
Chevrolet,Camaro,2d,112.3,u,r,2013,2015,,LS-GEN4:6.2 LS3/L99 V8;HFV6-36:3.6 LFX V6,
Chevrolet,Camaro,2d,110.7,u,r,2016,2024,GM-ALPHA,LT-GEN5:6.2 LT1 V8;HFV6-36:3.6 LGX V6;LTG-20T:2.0 turbo LTG,
Cadillac,ATS,4d,109.3,u,"r,4",2013,2019,GM-ALPHA,HFV6-36:3.6 LGX V6;LTG-20T:2.0 turbo LTG,
Cadillac,CTS,4d,114.6,u,"r,4",2014,2019,GM-ALPHA,HFV6-36:3.6 LGX V6;LTG-20T:2.0 turbo LTG,
Cadillac,CT4,4d,109.3,u,"r,4",2020,2024,GM-ALPHA,LTG-20T:2.0 turbo LSY,
Cadillac,CT5,4d,116.0,u,"r,4",2020,2025,GM-ALPHA,LTG-20T:2.0 turbo LSY,
Chevrolet,Corvette,2d,106.7,u,r,2014,2019,,LT-GEN5:6.2 LT1 V8,
Chevrolet,Express,Van,135.0,f,"r,4",2013,2025,,LS-GEN4:4.8 / 6.0 V8 through 2019,
GMC,Savana,Van,135.0,f,"r,4",2013,2025,,LS-GEN4:4.8 / 6.0 V8 through 2019,
Ford,F-150,Pickup,144.5,f,"r,4",2013,2014,FORD-P415,CYCLONE-35:3.7 naturally aspirated V6;COYOTE-50:5.0 V8;EB-35:3.5 EcoBoost,
Ford,F-150,Pickup,145.0,f,"r,4",2015,2020,FORD-P552,COYOTE-50:5.0 V8;EB-35:3.5 EcoBoost;EB-27:2.7 EcoBoost;CYCLONE-35:3.5 naturally aspirated V6 2015-2017,
Ford,F-150,Pickup,145.0,f,"r,4",2021,2025,FORD-P552,COYOTE-50:5.0 V8;EB-35:3.5 EcoBoost;EB-27:2.7 EcoBoost,
Ford,Super Duty F-250,Pickup,160.0,f,"r,4",2013,2016,,PSD-67:6.7 Power Stroke diesel,
Ford,Super Duty F-250,Pickup,160.0,f,"r,4",2017,2025,,PSD-67:6.7 Power Stroke diesel;GODZILLA-73:7.3 gas V8 from 2020,
Ford,Super Duty F-350,Pickup,164.0,f,"r,4",2017,2025,,PSD-67:6.7 Power Stroke diesel;GODZILLA-73:7.3 gas V8 from 2020,
Ford,Expedition,SUV,119.0,f,"r,4",2013,2017,,EB-35:3.5 EcoBoost — sole engine,
Ford,Expedition,SUV,122.5,f,"r,4",2018,2025,FORD-T3,EB-35:3.5 EcoBoost — sole engine,
Lincoln,Navigator,SUV,122.5,f,"r,4",2018,2025,FORD-T3,EB-35:3.5 EcoBoost,
Ford,Explorer,SUV,112.6,u,"f,4",2013,2019,,CYCLONE-35:3.5 naturally aspirated V6;EB-35:3.5 EcoBoost Sport/Platinum;EB-23:2.3 EcoBoost 2016-2019;EB-20:2.0 EcoBoost 2013-2015,
Ford,Explorer,SUV,119.1,u,"r,4",2020,2025,FORD-CD6,EB-23:2.3 EcoBoost base;EB-27:3.0 EcoBoost ST — 2.7 Nano family,
Lincoln,Aviator,SUV,119.1,u,"r,4",2020,2025,FORD-CD6,EB-27:3.0 EcoBoost — 2.7 Nano family,
Ford,Mustang,2d,107.1,u,r,2013,2014,,COYOTE-50:5.0 GT V8;CYCLONE-35:3.7 V6,
Ford,Mustang,2d,107.1,u,r,2015,2023,FORD-S550,COYOTE-50:5.0 GT V8;EB-23:2.3 EcoBoost,
Ford,Mustang,2d,107.0,u,r,2024,2025,FORD-S550,COYOTE-50:5.0 GT V8;EB-23:2.3 EcoBoost,
Ford,Fusion,4d,112.2,u,"f,4",2013,2020,FORD-CD4,DURATEC-25:2.5 4-cyl;EB-20:2.0 EcoBoost;EB-15:1.5 EcoBoost,
Lincoln,MKZ,4d,112.2,u,"f,4",2013,2020,FORD-CD4,EB-20:2.0 EcoBoost;EB-27:3.0 EcoBoost 2017-2020,
Ford,Edge,SUV,112.2,u,"f,4",2015,2024,FORD-CD4,EB-20:2.0 EcoBoost;CYCLONE-35:3.5 naturally aspirated V6 2015-2018;EB-27:2.7 EcoBoost Sport/ST,
Lincoln,Nautilus,SUV,112.2,u,"f,4",2019,2023,FORD-CD4,EB-20:2.0 EcoBoost;EB-27:2.7 EcoBoost,
Ford,Escape,SUV,105.9,u,"f,4",2013,2019,,EB-15:1.5/1.6 EcoBoost;EB-20:2.0 EcoBoost;DURATEC-25:2.5 4-cyl,
Ford,Escape,SUV,106.7,u,"f,4",2020,2025,FORD-C2,EB-15:1.5 EcoBoost;EB-20:2.0 EcoBoost,
Ford,Bronco Sport,SUV,105.1,u,4,2021,2025,FORD-C2,EB-15:1.5 EcoBoost;EB-20:2.0 EcoBoost,
Ford,Maverick,Pickup,121.1,u,"f,4",2022,2025,FORD-C2,EB-20:2.0 EcoBoost,
Lincoln,Corsair,SUV,106.7,u,"f,4",2020,2025,FORD-C2,EB-20:2.0 EcoBoost,
Ford,Ranger,Pickup,126.8,f,"r,4",2019,2023,FORD-T6,EB-23:2.3 EcoBoost — sole engine,
Ford,Ranger,Pickup,128.7,f,"r,4",2024,2025,FORD-T6,EB-23:2.3 EcoBoost;EB-27:2.7 EcoBoost,
Ford,Bronco,SUV,116.1,f,4,2021,2025,FORD-T6,EB-23:2.3 EcoBoost;EB-27:2.7 EcoBoost,
Ford,Taurus,4d,112.9,u,"f,4",2013,2019,,CYCLONE-35:3.5 naturally aspirated V6;EB-35:3.5 EcoBoost SHO;EB-20:2.0 EcoBoost,
Ford,Flex,SW,117.9,u,"f,4",2013,2019,,CYCLONE-35:3.5 naturally aspirated V6;EB-35:3.5 EcoBoost,
Ford,Transit,Van,129.9,u,"r,4",2015,2025,,EB-35:3.5 EcoBoost 2015-2019;CYCLONE-35:3.7 naturally aspirated V6 2015-2019,
Jeep,Grand Cherokee,SUV,114.8,u,"r,4",2013,2021,FCA-WK2,PENTASTAR-36:3.6 V6;HEMI-57:5.7 V8;HEMI-64:6.4 SRT;ECODIESEL-30:3.0 EcoDiesel 2014-2019,
Dodge,Durango,SUV,119.8,u,"r,4",2013,2025,FCA-WK2,PENTASTAR-36:3.6 V6;HEMI-57:5.7 V8;HEMI-64:6.4 SRT,
Jeep,Grand Cherokee,SUV,116.7,u,"r,4",2022,2025,FCA-WL,PENTASTAR-36:3.6 V6;HEMI-57:5.7 V8 2022-2023,
Jeep,Grand Cherokee L,SUV,121.7,u,"r,4",2021,2025,FCA-WL,PENTASTAR-36:3.6 V6;HEMI-57:5.7 V8 2021-2023,
Dodge,Charger,4d,120.2,u,"r,4",2013,2023,FCA-LX,PENTASTAR-36:3.6 V6;HEMI-57:5.7 V8;HEMI-64:6.4 SRT,
Dodge,Challenger,2d,116.2,u,"r,4",2013,2023,FCA-LX,PENTASTAR-36:3.6 V6;HEMI-57:5.7 V8;HEMI-64:6.4 SRT,
Chrysler,300,4d,120.2,u,"r,4",2013,2023,FCA-LX,PENTASTAR-36:3.6 V6;HEMI-57:5.7 V8,
Ram,1500,Pickup,140.5,f,"r,4",2013,2018,FCA-DS,PENTASTAR-36:3.6 V6;HEMI-57:5.7 V8;ECODIESEL-30:3.0 EcoDiesel,
Ram,1500,Pickup,144.5,f,"r,4",2019,2025,FCA-DT,PENTASTAR-36:3.6 V6;HEMI-57:5.7 V8;ECODIESEL-30:3.0 EcoDiesel 2020-2023,
Ram,2500,Pickup,149.0,f,"r,4",2014,2025,,HEMI-64:6.4 gas V8 from 2014;CUMMINS-67:6.7 Cummins diesel,
Ram,3500,Pickup,167.5,f,"r,4",2014,2025,,HEMI-64:6.4 gas V8 from 2014;CUMMINS-67:6.7 Cummins diesel,
Jeep,Wrangler,SUV,95.4,f,4,2013,2018,FCA-JK,PENTASTAR-36:3.6 V6 — sole engine,
Jeep,Wrangler Unlimited,SUV,116.0,f,4,2013,2018,FCA-JK,PENTASTAR-36:3.6 V6 — sole engine,
Jeep,Wrangler,SUV,96.8,f,4,2018,2025,FCA-JL,PENTASTAR-36:3.6 V6;GME-T4:2.0 turbo,
Jeep,Wrangler Unlimited,SUV,118.4,f,4,2018,2025,FCA-JL,PENTASTAR-36:3.6 V6;GME-T4:2.0 turbo,
Jeep,Gladiator,Pickup,137.3,f,4,2020,2025,FCA-JL,PENTASTAR-36:3.6 V6;ECODIESEL-30:3.0 EcoDiesel 2021-2023,
Jeep,Cherokee,SUV,106.5,u,"f,4",2014,2023,FCA-CUSW,TIGERSHARK-24:2.4 4-cyl;GME-T4:2.0 turbo 2019-2023,3.2 V6 is a Pentastar derivative
Jeep,Compass,SUV,103.8,u,"f,4",2017,2025,FCA-CUSW,TIGERSHARK-24:2.4 4-cyl,
Jeep,Renegade,SUV,101.2,u,"f,4",2015,2023,FCA-CUSW,TIGERSHARK-24:2.4 4-cyl,
Dodge,Dart,4d,106.4,u,f,2013,2016,FCA-CUSW,TIGERSHARK-24:2.4 4-cyl,
Chrysler,200,4d,108.0,u,"f,4",2015,2017,FCA-CUSW,TIGERSHARK-24:2.4 4-cyl;PENTASTAR-36:3.6 V6,
Chrysler,Pacifica,Van,121.6,u,"f,4",2017,2025,FCA-RU,PENTASTAR-36:3.6 V6,
Chrysler,Voyager,Van,121.6,u,f,2020,2025,FCA-RU,PENTASTAR-36:3.6 V6,
Dodge,Grand Caravan,Van,121.2,u,f,2013,2020,,PENTASTAR-36:3.6 V6,
Chrysler,Town & Country,Van,121.2,u,f,2013,2016,,PENTASTAR-36:3.6 V6,
Dodge,Journey,SUV,113.8,u,"f,4",2013,2020,,PENTASTAR-36:3.6 V6,
Ram,ProMaster,Van,136.0,u,f,2014,2025,,PENTASTAR-36:3.6 V6,
Nissan,Altima,4d,109.3,u,f,2013,2018,NISSAN-D,QR25DE:2.5 4-cyl;VQ35DE:3.5 V6,
Nissan,Altima,4d,111.2,u,"f,4",2019,2025,NISSAN-D,PR25DD:2.5 4-cyl,
Nissan,Maxima,4d,109.3,u,f,2016,2023,NISSAN-D,VQ35DE:3.5 V6,
Nissan,Murano,SUV,111.2,u,"f,4",2015,2024,NISSAN-D,VQ35DE:3.5 V6,
Nissan,Pathfinder,SUV,114.2,u,"f,4",2013,2020,NISSAN-D,VQ35DE:3.5 V6,
Nissan,Pathfinder,SUV,114.2,u,"f,4",2022,2025,NISSAN-D,VQ35DD:3.5 V6 direct injection,
Infiniti,QX60,SUV,114.2,u,"f,4",2014,2020,NISSAN-D,VQ35DE:3.5 V6,
Infiniti,QX60,SUV,114.2,u,"f,4",2022,2025,NISSAN-D,VQ35DD:3.5 V6 direct injection,
Nissan,Rogue,SUV,106.5,u,"f,4",2014,2020,NISSAN-CMF-CD,QR25DE:2.5 4-cyl,
Nissan,Rogue,SUV,106.5,u,"f,4",2021,2025,NISSAN-CMF-CD,PR25DD:2.5 4-cyl — 2021 only,1.5 3-cyl turbo from 2022
Nissan,Sentra,4d,106.3,u,f,2013,2019,,MRA8DE:1.8 4-cyl,
Nissan,Frontier,Pickup,125.9,f,"r,4",2013,2019,,VQ40DE:4.0 V6,
Nissan,Titan,Pickup,139.8,f,"r,4",2013,2024,NISSAN-FALPHA,VK56:5.6 V8,
Nissan,Armada,SUV,121.1,f,"r,4",2013,2025,NISSAN-FALPHA,VK56:5.6 V8,
Infiniti,QX80,SUV,121.1,f,"r,4",2014,2024,NISSAN-FALPHA,VK56:5.6 V8,
Infiniti,Q50,4d,112.2,u,"r,4",2014,2025,NISSAN-FM,VQ37VHR:3.7 V6 2014-2015;VR30DDTT:3.0 twin-turbo V6 2016-2025,
Infiniti,Q60,2d,112.2,u,"r,4",2017,2022,NISSAN-FM,VR30DDTT:3.0 twin-turbo V6,
Nissan,370Z,2d,100.4,u,r,2013,2020,NISSAN-FM,VQ37VHR:3.7 V6,
Subaru,Forester,SUV,103.9,u,4,2014,2018,SUBARU-IMP3,FB25:2.5 naturally aspirated H4;FA20F:2.0 turbo XT,
Subaru,Forester,SUV,105.1,u,4,2019,2025,SGP,FB25:2.5 naturally aspirated H4 — sole engine,
Subaru,Outback,SW,108.7,u,4,2013,2019,SUBARU-IMP3,FB25:2.5 naturally aspirated H4,3.6R uses EZ36
Subaru,Outback,SW,108.1,u,4,2020,2025,SGP,FB25:2.5 naturally aspirated H4;FA24F:2.4 turbo XT,
Subaru,Legacy,4d,108.3,u,4,2013,2019,SUBARU-IMP3,FB25:2.5 naturally aspirated H4,
Subaru,Legacy,4d,108.3,u,4,2020,2025,SGP,FB25:2.5 naturally aspirated H4;FA24F:2.4 turbo XT,
Subaru,Impreza,4d,104.1,u,4,2013,2016,SUBARU-IMP3,FB20:2.0 naturally aspirated H4,
Subaru,Impreza,5d,105.1,u,4,2017,2025,SGP,FB20:2.0 naturally aspirated H4,
Subaru,Crosstrek,SUV,103.7,u,4,2013,2017,SUBARU-IMP3,FB20:2.0 naturally aspirated H4,
Subaru,Crosstrek,SUV,104.9,u,4,2018,2025,SGP,FB20:2.0 naturally aspirated H4;FB25:2.5 Sport/Limited,
Subaru,Ascent,SUV,113.8,u,4,2019,2025,SGP,FA24F:2.4 turbo H4 — sole engine,
Subaru,WRX,4d,104.3,u,4,2015,2021,SUBARU-IMP3,FA20F:2.0 turbo H4,
Subaru,WRX,4d,105.2,u,4,2022,2025,SGP,FA24F:2.4 turbo H4,
Subaru,WRX STI,4d,104.3,u,4,2015,2021,SUBARU-IMP3,EJ25T:2.5 turbo EJ257,
Subaru,BRZ,2d,101.2,u,r,2014,2020,TOYOTA-86,FA20D:2.0 H4,
Subaru,BRZ,2d,101.4,u,r,2022,2025,TOYOTA-86,FA24D:2.4 H4,
Volkswagen,Golf,5d,103.8,u,f,2015,2021,VW-MQB,EA888-G3:2.0 TSI Golf R,
Volkswagen,GTI,5d,103.8,u,f,2015,2021,VW-MQB,EA888-G3:2.0 TSI,
Volkswagen,GTI,5d,103.6,u,f,2022,2025,VW-MQB,EA888-G3:2.0 TSI,
Volkswagen,Jetta,4d,104.4,u,f,2013,2018,,EA888-G3:2.0 TSI GLI;EA211-14T:1.4 TSI 2016-2018,
Volkswagen,Jetta,4d,105.7,u,f,2019,2025,VW-MQB,EA211-14T:1.4/1.5 TSI;EA888-G3:2.0 TSI GLI,
Volkswagen,Tiguan,SUV,109.9,u,"f,4",2018,2025,VW-MQB,EA888-G3:2.0 TSI,
Volkswagen,Atlas,SUV,117.3,u,"f,4",2018,2025,VW-MQB,EA888-G3:2.0 TSI;VR6-36:3.6 VR6 2018-2023,
Volkswagen,Passat,4d,110.4,u,f,2013,2022,,EA888-G3:2.0 TSI 2016-2022;VR6-36:3.6 VR6 2013-2015,
Volkswagen,Arteon,4d,111.9,u,"f,4",2019,2023,VW-MQB,EA888-G3:2.0 TSI,
Volkswagen,Taos,SUV,105.9,u,"f,4",2022,2025,VW-MQB,,1.5 TSI EA211 evo
Volkswagen,Touareg,SUV,113.9,u,4,2011,2017,,VR6-36:3.6 VR6,
Audi,A3,4d,103.8,u,"f,4",2015,2020,VW-MQB,EA888-G3:2.0 TFSI,
Audi,Q3,SUV,105.5,u,4,2019,2025,VW-MQB,EA888-G3:2.0 TFSI,
Audi,TT,2d,98.6,u,4,2016,2023,VW-MQB,EA888-G3:2.0 TFSI,
Audi,A4,4d,111.0,u,"f,4",2017,2025,VW-MLB-EVO,EA888-G3:2.0 TFSI,
Audi,A5,2d,111.2,u,4,2018,2025,VW-MLB-EVO,EA888-G3:2.0 TFSI;EA839-30T:3.0 TFSI S5,
Audi,Q5,SUV,111.0,u,4,2018,2025,VW-MLB-EVO,EA888-G3:2.0 TFSI;EA839-30T:3.0 TFSI SQ5,
Audi,A6,4d,115.1,u,4,2019,2025,VW-MLB-EVO,EA839-30T:3.0 TFSI;EA888-G3:2.0 TFSI,
Audi,Q7,SUV,117.9,u,4,2017,2025,VW-MLB-EVO,EA839-30T:3.0 TFSI;EA888-G3:2.0 TFSI 2017-2019,
Audi,Q8,SUV,117.9,u,4,2019,2025,VW-MLB-EVO,EA839-30T:3.0 TFSI,
Porsche,Cayenne,SUV,114.0,u,4,2019,2025,VW-MLB-EVO,EA839-30T:3.0 turbo V6 base,
Hyundai,Sonata,4d,110.4,u,f,2015,2019,HMG-MIDSIZE,THETA2-24:2.4 GDI;THETA2-20T:2.0 turbo,
Hyundai,Sonata,4d,111.8,u,f,2020,2025,HMG-MIDSIZE,SMARTSTREAM-25:2.5 4-cyl,
Kia,Optima,4d,110.4,u,f,2016,2020,HMG-MIDSIZE,THETA2-24:2.4 GDI;THETA2-20T:2.0 turbo,
Kia,K5,4d,112.2,u,"f,4",2021,2025,HMG-MIDSIZE,SMARTSTREAM-25:2.5 4-cyl,
Hyundai,Santa Fe Sport,SUV,106.3,u,"f,4",2013,2018,HMG-MIDSIZE,THETA2-24:2.4 GDI;THETA2-20T:2.0 turbo,
Hyundai,Santa Fe,SUV,110.2,u,"f,4",2019,2023,HMG-MIDSIZE,THETA2-24:2.4 GDI 2019-2020;SMARTSTREAM-25:2.5 4-cyl 2021-2023,
Kia,Sorento,SUV,106.3,u,"f,4",2016,2020,HMG-MIDSIZE,THETA2-24:2.4 GDI;LAMBDA2-33:3.3 V6,
Kia,Sorento,SUV,110.8,u,"f,4",2021,2025,HMG-MIDSIZE,SMARTSTREAM-25:2.5 4-cyl,
Hyundai,Tucson,SUV,105.1,u,"f,4",2016,2021,HMG-COMPACT,THETA2-24:2.4 GDI;GAMMA-16T:1.6 turbo,
Hyundai,Tucson,SUV,108.5,u,"f,4",2022,2025,HMG-COMPACT,SMARTSTREAM-25:2.5 4-cyl,
Kia,Sportage,SUV,105.1,u,"f,4",2017,2022,HMG-COMPACT,THETA2-24:2.4 GDI;GAMMA-16T:1.6 turbo,
Kia,Sportage,SUV,108.5,u,"f,4",2023,2025,HMG-COMPACT,SMARTSTREAM-25:2.5 4-cyl,
Hyundai,Elantra,4d,106.3,u,f,2017,2020,HMG-COMPACT,NU-20:2.0 4-cyl,
Hyundai,Elantra,4d,107.1,u,f,2021,2025,HMG-COMPACT,,2.0 Smartstream
Kia,Forte,4d,106.3,u,f,2019,2024,HMG-COMPACT,NU-20:2.0 4-cyl,
Kia,Soul,5d,102.4,u,f,2014,2019,,NU-20:2.0 4-cyl;GAMMA-16T:1.6 turbo,
Hyundai,Kona,SUV,102.4,u,"f,4",2018,2023,HMG-COMPACT,GAMMA-16T:1.6 turbo,
Kia,Seltos,SUV,103.5,u,"f,4",2021,2025,HMG-COMPACT,GAMMA-16T:1.6 turbo,
Hyundai,Palisade,SUV,114.2,u,"f,4",2020,2025,HMG-LARGE-CUV,LAMBDA2-38:3.8 V6,
Kia,Telluride,SUV,114.2,u,"f,4",2020,2025,HMG-LARGE-CUV,LAMBDA2-38:3.8 V6,
Kia,Stinger,4d,114.4,u,"r,4",2018,2023,,LAMBDA2-33:3.3 twin-turbo V6,
Genesis,G80,4d,118.5,u,"r,4",2017,2020,,LAMBDA2-33:3.3 twin-turbo V6;LAMBDA2-38:3.8 V6,
Hyundai,Genesis,4d,118.5,u,r,2015,2016,,LAMBDA2-38:3.8 V6,
Hyundai,Azera,4d,110.0,u,f,2013,2017,,LAMBDA2-33:3.3 V6,
Kia,Cadenza,4d,112.0,u,f,2014,2020,,LAMBDA2-33:3.3 V6,
Kia,Sedona,Van,120.5,u,f,2015,2021,,LAMBDA2-33:3.3 V6,
Hyundai,Veloster,3d,104.3,u,f,2013,2022,,GAMMA-16T:1.6 turbo,
Mazda,Mazda3,4d,106.3,u,f,2014,2018,MAZDA-SKY-S,SKY-G20:2.0 Skyactiv-G;SKY-G25:2.5 Skyactiv-G,
Mazda,Mazda3,4d,107.3,u,"f,4",2019,2025,MAZDA-SKY-S,SKY-G25:2.5 Skyactiv-G;SKY-G25T:2.5 turbo,
Mazda,CX-5,SUV,106.3,u,"f,4",2013,2016,MAZDA-SKY-S,SKY-G20:2.0 Skyactiv-G;SKY-G25:2.5 Skyactiv-G,
Mazda,CX-5,SUV,106.2,u,"f,4",2017,2025,MAZDA-SKY-S,SKY-G25:2.5 Skyactiv-G;SKY-G25T:2.5 turbo,
Mazda,CX-30,SUV,104.4,u,"f,4",2020,2025,MAZDA-SKY-S,SKY-G25:2.5 Skyactiv-G;SKY-G25T:2.5 turbo,
Mazda,CX-50,SUV,110.8,u,4,2023,2025,MAZDA-SKY-S,SKY-G25:2.5 Skyactiv-G;SKY-G25T:2.5 turbo,
Mazda,Mazda6,4d,111.4,u,f,2014,2021,MAZDA-SKY-L,SKY-G25:2.5 Skyactiv-G;SKY-G25T:2.5 turbo 2018-2021,
Mazda,CX-9,SUV,115.3,u,"f,4",2016,2023,MAZDA-SKY-L,SKY-G25T:2.5 turbo — sole engine,
Mazda,MX-5 Miata,Conv,90.9,u,r,2016,2025,,SKY-G20:2.0 Skyactiv-G,
BMW,3-Series 320i 328i 330i,4d,110.6,u,"r,4",2013,2018,BMW-F1X,N20:320i/328i 2.0 turbo — 335i excluded,
BMW,3-Series 335i,4d,110.6,u,"r,4",2013,2015,BMW-F1X,N55:3.0 turbo I6,
BMW,3-Series 330i,4d,112.2,u,"r,4",2017,2025,BMW-CLAR,B48:2.0 turbo I4,
BMW,3-Series 340i M340i,4d,112.2,u,"r,4",2016,2025,BMW-CLAR,B58:3.0 turbo I6,
BMW,4-Series 428i 430i,2d,110.6,u,"r,4",2014,2020,BMW-F1X,N20:428i 2.0 turbo;B48:430i 2.0 turbo 2017-2020,
BMW,4-Series 435i 440i,2d,110.6,u,"r,4",2014,2020,BMW-F1X,N55:435i 3.0 turbo;B58:440i 3.0 turbo 2017-2020,
BMW,5-Series 528i 530i,4d,116.9,u,"r,4",2013,2025,,N20:528i 2.0 turbo 2013-2016;B48:530i 2.0 turbo 2017-2025,
BMW,5-Series 535i 540i,4d,116.9,u,"r,4",2013,2025,,N55:535i 3.0 turbo;B58:540i 3.0 turbo 2017-2025,
BMW,2-Series 228i 230i,2d,105.9,u,"r,4",2014,2021,BMW-F1X,N20:228i 2.0 turbo;B48:230i 2.0 turbo 2017-2021,
BMW,2-Series M235i M240i,2d,105.9,u,"r,4",2014,2021,BMW-F1X,N55:M235i 3.0 turbo;B58:M240i 3.0 turbo 2017-2021,
BMW,X1,SUV,105.1,u,"f,4",2016,2025,BMW-UKL2,B48:2.0 turbo I4,
BMW,X2,SUV,105.1,u,"f,4",2018,2023,BMW-UKL2,B48:2.0 turbo I4,
BMW,X3,SUV,110.6,u,4,2013,2017,BMW-F1X,N20:xDrive28i 2.0 turbo;N55:xDrive35i 3.0 turbo,
BMW,X3,SUV,112.8,u,4,2018,2025,BMW-CLAR,B48:xDrive30i 2.0 turbo;B58:M40i 3.0 turbo,
BMW,X4,SUV,110.6,u,4,2015,2018,BMW-F1X,N20:xDrive28i 2.0 turbo;N55:xDrive35i 3.0 turbo,
BMW,X4,SUV,112.8,u,4,2019,2025,BMW-CLAR,B48:xDrive30i 2.0 turbo;B58:M40i 3.0 turbo,
BMW,X5,SUV,115.5,u,4,2014,2018,,N55:xDrive35i 3.0 turbo;N63:xDrive50i 4.4 twin-turbo,
BMW,X5,SUV,117.1,u,4,2019,2025,BMW-CLAR,B58:xDrive40i 3.0 turbo;N63:xDrive50i/M60i 4.4 twin-turbo,
BMW,X7,SUV,122.2,u,4,2019,2025,BMW-CLAR,B58:xDrive40i 3.0 turbo;N63:xDrive50i/M60i 4.4 twin-turbo,
BMW,Z4,2d,97.2,u,r,2019,2025,BMW-G29,B58:M40i 3.0 turbo;B48:sDrive30i 2.0 turbo,
Mini,Cooper S,3d,98.2,u,f,2014,2025,BMW-UKL2,B48:2.0 turbo I4,
Mercedes,C-Class C300,4d,111.8,u,"r,4",2015,2021,MB-MRA,M274:2.0 turbo I4,
Mercedes,C-Class C400 C43,4d,111.8,u,"r,4",2015,2021,MB-MRA,M276:3.0 twin-turbo V6,
Mercedes,E-Class E350,4d,113.1,u,"r,4",2012,2016,,M276:3.5 V6,
Mercedes,E-Class E300,4d,115.7,u,"r,4",2017,2023,MB-MRA,M274:2.0 turbo I4,
Mercedes,E-Class E450,4d,115.7,u,"r,4",2019,2023,MB-MRA,M256:3.0 turbo I6,
Mercedes,GLC300,SUV,113.1,u,"r,4",2016,2022,MB-MRA,M274:2.0 turbo I4,
Mercedes,GLE350,SUV,114.8,u,"r,4",2016,2019,,M276:3.5 V6,
Mercedes,GLE450,SUV,117.9,u,4,2020,2025,,M256:3.0 turbo I6,
Mercedes,ML350,SUV,114.8,u,"r,4",2012,2015,,M276:3.5 V6;OM642:3.0 BlueTEC diesel,
Mercedes,GL450 GL550,SUV,121.1,u,4,2013,2016,,M278:4.7 twin-turbo V8,
Mercedes,CLA250,4d,106.3,u,"f,4",2014,2025,MB-MFA,M274:2.0 turbo I4,
Mercedes,GLA250,SUV,106.3,u,"f,4",2015,2025,MB-MFA,M274:2.0 turbo I4,
Mercedes,Sprinter,Van,144.3,f,"r,4",2013,2018,,OM642:3.0 V6 diesel,
Volvo,S60,4d,109.3,u,f,2015,2018,,VEA-B420:2.0 turbo I4,
Volvo,XC60,SUV,109.2,u,4,2015,2017,,VEA-B420:2.0 turbo I4,
Volvo,XC90,SUV,117.5,u,4,2016,2025,VOLVO-SPA,VEA-B420:2.0 turbo/supercharged I4,
Volvo,XC60,SUV,112.8,u,4,2018,2025,VOLVO-SPA,VEA-B420:2.0 turbo I4,
Volvo,S60,4d,113.1,u,4,2019,2025,VOLVO-SPA,VEA-B420:2.0 turbo I4,
Volvo,V60,SW,113.1,u,4,2019,2025,VOLVO-SPA,VEA-B420:2.0 turbo I4,
Volvo,S90,4d,120.5,u,4,2017,2025,VOLVO-SPA,VEA-B420:2.0 turbo I4,
Volvo,XC40,SUV,106.4,u,4,2019,2025,VOLVO-CMA,VEA-B420:2.0 turbo I4,
